GSE105951_PD78,GSE64553_MRC5_PD52,GSE63577_BJ,GSE63577_MRC5,GSE63577_HFF,GSE130727_WI38,GSE130727_IMR90,voic_epithelia_sen,GSE109700_early_sen,GSE109700_deep_sen,GSE63577_WI38,GSE64553_HFF_PD74,GSE63577_IMR90
LRRC17,TRPA1,CD99,CD99,PSG5,PALM2AKAP2,RPL17-C18orf32,PGAM4,CD99,PSG5,CD99,KRT34,CD99
DCBLD2,CD99,PSG5,FGF5,CD99,TRPA1,PALM2AKAP2,CD99,CEMIP,CD99,CEMIP,PSG5,ITGA11
FGF5,FGF5,CEMIP,NPTX1,CEMIP,RPL17-C18orf32,NME1-NME2,NACA2,GREM1,CEMIP,FGF5,PSG4,TRPA1
LOXL2,CHRM2,OXTR,TRPA1,GREM1,DCBLD2,TRPA1,H2AC18,LOXL2,GREM1,GREM1,CD99,GREM1
RAB3B,CEMIP,LOXL2,CHRM2,STC2,ADAMTS19,RPS10-NUDT3,POTEE,OXTR,LOXL2,TNFRSF11B,OXTR,CHRM2
GALNT5,NPTX1,GREM1,RAB3B,KRTAP1-5,NME1-NME2,DCBLD2,TUBB3,PSG5,LRRC17,ADAMTS19,CEMIP,CEMIP
OXTR,TNFRSF11B,STC2,ITGA11,MXRA5,RPS10-NUDT3,GREM1,RPL36A-HNRNPH2,HAPLN1,PAPPA,TRPA1,LOXL2,FGF5
COL11A1,MAGED4B,LOXL4,FLNC,LOXL4,GALNT5,RAB3B,COL17A1,COL5A1,ADAMTS12,STC2,PSG1,STC2
CPA4,ITGA11,KRT34,CEMIP,CHRM2,PEDS1-UBE2V1,EEF1G,PTP4A1,VAMP7,RAB3B,MMP1,GREM1,TNFRSF11B
LOX,PTP4A1,TNFRSF11B,DCBLD2,L1CAM,RAB3B,BDNF,ANXA8L1,PAPPA,COLEC10,GALNT5,TNFRSF11B,LOXL2
GREM1,MAGED4,L1CAM,GALNT5,TNFRSF11B,NOMO3,FUT5,BCL2L2-PABPN1,ADAMTS12,OXTR,CHRM2,STC2,PTP4A1
GABBR2,RAB3B,DKK1,TNFRSF11B,FGF5,CD99,LRRD1,LAMC2,FOXE1,FGF5,DCBLD2,DKK1,COL12A1
PTP4A1,COL12A1,COL11A1,PTP4A1,WNT5A,TNFRSF11B,CHRM2,H3-5,ITGA11,CPA4,PSG4,RAB3B,VAMP7
FLNC,PAMR1,WNT5A,LOXL2,SVEP1,PSG4,CD99,PABPC3,KRT34,STC2,NOMO3,WNT5A,LRRC17
PSG5,PDE5A,FGF5,PDE5A,MKX,ANO4,RPL36A-HNRNPH2,UQCRHL,FLNC,NPTX1,SVEP1,COL5A1,MAGED4B
HMGA2,LOXL2,MASP1,NOMO3,COL12A1,EEF1G,PDE5A,FGF11,ANKRD1,BDNF,RAB3B,MKX,MAGED4
BDNF,DCBLD2,MKX,DKK3,LOXL2,LRRC17,LRRC17,KRT6A,CDH2,DCBLD2,PDE5A,FGF5,FBN2
PSG4,COL7A1,VAMP7,WNT16,SYPL2,MRNIP,COL12A1,PTHLH,CPA4,CDH2,PTP4A1,KRT33B,NOMO3
STC2,VAMP7,COL12A1,COL12A1,MOXD1,FGF5,NEDD8-MDP1,C22orf23,LOX,LOX,VAMP7,COL12A1,DCBLD2
TMEM178B,GALNT5,SULF1,COL11A1,THY1,UCHL1,RBM14-RBM4,PIK3R2,STC2,SERPINB7,LRRC17,L1CAM,COL7A1
SERPINB7,NOMO3,RAB3B,HMGA2,MASP1,ACAD11,TUBB3,ST6GALNAC2,THBS2,VAMP7,THY1,MASP1,NPTX1
COL5A1,ANO4,SYPL2,ANO4,VAMP7,COLEC10,NOMO3,KRT6B,GPR176,KCTD16,COL11A1,LHX9,UCHL1
ALPK2,FBN2,MXRA5,VAMP7,ACAN,LRRD1,SNX32,KCTD11,COL5A2,GPR176,GDF6,PRSS12,COL5A1
COL12A1,PSG5,PTP4A1,PSG5,ALPK2,HSPE1-MOB4,MAGED4B,NME1-NME2,LRRC17,COL5A2,COL12A1,SULF1,DKK3
ITGA11,DKK3,KRTAP1-5,THY1,FLNC,MMP1,MAGED4,IL20RB,RAB3B,COL11A1,FLNC,CDH2,RAB3B
WNT5A,HMGA2,MARCHF4,MAGED4B,LOX,LTO1,COL5A2,KRT5,COL11A1,NALCN,WNT16,VAMP7,THY1
SMURF2,LPAR1,ALPK2,GREM1,DKK1,PAMR1,RGPD6,KRT17,ASNS,EEF1G,MAGED4B,ITGA11,COL5A2
COL5A2,COL6A3,THY1,COL7A1,THBS2,IGF2BP3,ANO4,TNS4,EEF1G,KISS1,DKK3,PSG6,BDNF
WNT16,FLNC,LOX,PIK3R2,COL11A1,NPIPA9,TMED7-TICAM2,EEF1G,BDNF,ALPK2,MAGED4,COL7A1,RPL17-C18orf32
RGMB,PXDN,MMP3,RGMB,FBN2,PCDHGB4,FGF5,KRTAP2-2,TNFSF4,FLNC,BDNF,LOX,FLNC
ADAMTS12,FKBP10,NOMO3,MAGED4,PRSS12,PCDHGA4,ISY1-RAB43,C1orf74,FGF5,TMEM178B,PAMR1,COL5A2,QSOX1
SCN9A,GBA1,FLNC,CPA4,ACKR4,BEST1,H3C15,HNRNPCL1,LOXL4,CDH10,SFRP1,PSG8,PAMR1
ANO4,FOXL1,COL5A2,CCDC9B,SULF1,BDNF,FBN2,RNASE7,ALPK2,EVC,PCDHGB4,MXRA5,COL1A1
IGF2BP1,STC2,COL7A1,SFRP1,ADAM33,PCDHGC5,LOXL2,SAA2-SAA4,FRMD6,KIRREL3,SH2D5,ALPK2,IGF2BP1
ANKRD1,COL1A1,GPR176,PAMR1,RAB3B,COL12A1,LRP11,PLSCR3,TNFRSF11B,ZC3H11A,ITGA11,PTP4A1,F2RL2
IGF2BP3,CNTNAP1,COL5A1,MARCHF4,EVC,NOMO1,LTO1,COL7A1,KCTD20,RGS4,UCHL1,PGAM4,LAMA1
DDX47,PCDH18,CNTNAP1,COLEC10,PGAM4,DKK3,WNT5A,SERPINB7,EVC,FRMD6,NID2,GPR176,PXDN
EVC,GREM1,SIM1,PCDHGB4,OXTR,ZC3H11A,YJEFN3,TENM2,PLOD1,COL4A5,KRTAP1-5,MAGED4B,LOX
CCN4,LAMA1,PGAM4,CD248,PAMR1,PTP4A1,H3C14,ANP32D,CNTNAP1,SULF1,P3H2,MAGED4,COL6A3
DKK3,ANTXR1,MOXD1,LRRC17,PTP4A1,PCDHGC4,SMURF2,KRT75,CDH11,NOMO2,COLEC10,EVC,GPR176
PDE5A,COL5A2,LUM,ADAMTS12,UBL4B,ZACN,BIVM-ERCC5,S100A2,KCTD16,ITGA11,LOXL2,RPL17-C18orf32,ALPK2
NT5E,LTBP1,FRMD6,EVC,GPR176,TMED7-TICAM2,GALNT5,POTEF,NOMO2,COL5A1,NOMO1,THY1,PDE5A
FAT1,EVC,SERPINE2,GPR176,SERPINE2,ATP6V1C2,PTP4A1,PNLIPRP3,ST6GALNAC5,CNTNAP1,PGAM4,SYPL2,HMGA2
MARCHF4,COL4A5,ACKR4,FOXL1,ASB5,PDGFRA,HSPE1-MOB4,GPR87,FKBP10,PLOD1,RSPO1,FLNC,NID2
PPP1R3C,FAT1,CDH2,FKBP1C,COL7A1,ANKHD1-EIF4EBP3,ZC3H11A,ZBED2,TNFRSF10D,PLAT,GPR176,SIM1,ZC3H11A
RAI14,GPR176,ITGA11,IGF2BP1,SIM1,PCDHGB1,WDR74,MAP1LC3B2,COL1A1,HAPLN1,MARCHF4,KRTAP1-5,FOXL1
GPR176,PIK3R2,COL1A1,COL1A1,NOMO3,EIF4G2,ZACN,FAM220A,MXRA5,FBN1,CCDC9B,CNTNAP1,LPAR1
TRPA1,ZC3H11A,EVC,CNTNAP1,MARCHF4,GREM1,DKK3,CLCA2,RGS4,FAT1,RELN,ASNS,WNT5A
PAPPA,RIPOR3,RPL17-C18orf32,SH2D5,GRIA3,ST6GALNAC2,PAMR1,RAB6C,ITGA3,IGF2BP1,ANO4,ADAM33,EVC
PXDN,CDH13,THBS2,BDNF,RGMB,LPAR1,H4C11,NOMO3,PTGIS,KRT34,FAT1,LUM,ZNF469
SCUBE3,IGF2BP1,FBN2,SPOCD1,LUM,SFRP1,VAMP7,HES2,SERPINE2,SCN9A,LPAR1,GRIA1,RSPO1
LRRC15,PLAU,COL8A1,NOMO1,COL5A1,PCDHGA3,HMGA2,EDARADD,ATG9A,TNFRSF10D,QSOX1,COL1A1,PGAM4
FRMD6,OXTR,SERPINB7,PGAM4,GRIA1,PCDHGA11,RGPD8,DCBLD2,PRSS12,PAMR1,ALPK2,NOMO3,ASNS
EDIL3,LOX,DKK3,ADAMTS19,COL1A1,DDX47,ATP5MF-PTCD1,EIF5AL1,PAPPA2,FOXE1,COL7A1,ZC3H11A,PIK3R2
COL1A1,SH2D5,CD248,PXDN,FMN2,PCDHGA2,GPR176,KRT14,TMEM178B,HMGA2,COL1A1,PLPPR4,CCDC9B
SFRP1,NOMO1,FKBP10,STC2,TMEM119,PCDHGA8,ATP6V1C2,SOX15,ITGBL1,LOXL4,HMGA2,SERPINB7,COL1A2
FBN1,SALL1,ADAM33,PLAU,CTSK,PCDHGB3,WNT16,HSF2BP,ZC3H11A,PTCHD4,FKBP1C,FMN2,FAT1
TNFRSF11B,MOXD1,COL6A3,GBA1,ZC3H11A,BIVM-ERCC5,ALPK2,LOXL2,SCN9A,SERPINE1,CD248,MARCHF4,CNTNAP1
COL6A3,COL5A1,UCHL1,ELFN2,DKK3,VAMP7,RNF103-CHMP3,GJB2,PXDN,COL3A1,LTBP1,AJUBA,ADAMTS12
WNT5B,COL1A2,ARMC9,MOXD1,LRRC15,SVEP1,ARPC4-TTLL3,WDR83OS,IGF2BP1,THBS2,PLAT,KIRREL3,MMP2
CCDC81,SHISAL1,PRSS12,FAT1,CNTNAP1,PCDHGA7,AJUBA,GJB5,COL3A1,ASNS,INA,COL16A1,NOMO1
COLEC10,COLEC10,ZC3H11A,ALPK2,ADGRB2,STC2,STC2,SERPINB5,FBN1,TNFRSF11B,FOXL1,GFRA1,ANO4
PLOD2,RPL17-C18orf32,COL16A1,OXTR,SLC6A17,PCDHGA1,URGCP-MRPS24,TMEM40,PDCD1LG2,UCHL1,TRHDE,FRMD6,PSG4
ZC3H11A,ELFN2,GRIA3,TRHDE,FGF1,PDE5A,TRHDE,LGALS7B,UCHL1,LTBP1,LRP11,FBN1,FKBP10
COL1A2,ALPK2,SLIT2,QSOX1,SCN1A,PCDHGB2,LYPD1,RPL17-C18orf32,SULF1,COL6A3,PIK3R2,LOXL4,COL16A1
TGFB2,SPOCD1,FBN1,COL6A3,CD248,TGIF2-RAB5IF,FLNC,FAM83A,DDX47,ATG9A,TMEM35A,FKBP10,GALNT5
LPAR1,TNFSF4,ADAMTS12,RPL17-C18orf32,COL8A1,P3H2,GPR39,SRXN1,EDIL3,ITGA3,CNTNAP1,ALDH1L2,KIRREL1
RGS4,THY1,COL1A2,COL1A2,COL5A2,TRIM32,BCL2L2-PABPN1,ITGB6,SERPINE1,CDH11,FMN2,MYPN,ADAMTS8
PIK3R2,CCDC9B,SPOCD1,ITGA3,RECK,KRTAP1-5,IGF2BP3,WNT7A,COL1A2,COL1A2,CPA4,COL6A3,LTBP1
FBN2,F2RL2,MAGED4B,AGRN,SFRP4,PCDHGA9,NDUFC2-KCTD14,ADGRF4,ADAM12,PRSS12,JCAD,DCLK2,PAPPA
NACA2,FKBP1C,MAGED4,LPAR1,PSG1,ITGBL1,PEDS1-UBE2V1,GLUD2,THY1,EDA2R,RAI14,TENM2,SFRP1
THY1,BDNF,RGMB,FKBP10,COL16A1,RGPD6,TGIF2-RAB5IF,NOMO2,PLAT,TGFBI,ZC3H11A,COL1A2,SVEP1
PDCD1LG2,QSOX1,SVEP1,LTBP1,BRINP1,CPA4,TNFRSF11B,CDC42EP2,COL6A3,TNFSF4,IGF2BP1,PXDN,PRSS12
SEMA3A,MARCHF4,SLC38A11,ADGRB2,CRABP2,ALPK2,SCN9A,SMIM11,FBN2,IGFBP3,TMEM30A,PTK7,BDKRB2
LRP11,ASNS,PLPPR4,MEST,FBN1,TBX5,FAT1,IL1A,FAT1,LAMA1,LAMA1,ACKR4,AJUBA
MEST,ZNF469,NOMO1,FBN2,PTK7,RBM14-RBM4,COMMD3-BMI1,DSG3,ULBP1,ANKRD1,COL1A2,KRT33A,SLC7A11
TGFBI,WNT16,SGCD,ZC3H11A,SEMA5A,CDH6,COL11A1,SULT1A4,DCBLD2,DDX47,GPSM1,MEGF6,RGMB
TNFSF4,TRHDE,COL3A1,VAT1L,PAPPA,NEDD8-MDP1,FMC1-LUC7L2,SERPINA3,LTBP1,GALNT5,RPL17-C18orf32,COL3A1,TRO
ZBED6,CD248,FMN2,RELN,FMO4,CFAP298-TCP10L,DDX47,ST6GALNAC6,PCDH10,HHIP,TMEM130,CD248,SCN9A
NOG,ADAMTS12,MMP2,COL5A2,COL1A2,SCN8A,COL6A3,NTF4,COL16A1,ST6GALNAC5,F2RL2,NEK7,PTGES3L-AARSD1
SCN8A,COL4A6,RSPO1,FMN2,IGF2,PCDHGA12,CTAG2,CCDC9B,PRSS35,POFUT1,GPC1,AGRN,PTK7
PLXNA1,EDIL3,NID2,PAPPA,GDF6,CHRM2,THY1,HEPHL1,RUSC2,SLC9A7,GBA1,COL15A1,COL11A1
CHRM2,KIRREL1,PAMR1,ZC3H7B,CDC42EP2,SEMA3A,EDIL3,CPA4,KIRREL3,SHC3,FOXF1,ARNT2,AGRN
P4HA1,ADAM23,CHRM2,WNT5B,KRT34,PCDH18,NOMO1,AGRN,KISS1,FOXL1,FIBIN,CHRM2,CD248
SLC9A7,SLC7A11,ASB5,SVEP1,NFATC4,F2RL2,CLVS1,LBHD1,C22orf23,PDE5A,NPTX1,ANKRD52,FOXF1
PDGFRA,EIF4G2,FAT1,PLXNA1,PDE8B,SMURF2,UCHL1,PLEK2,MASP1,CHRM2,RGMB,KIRREL1,COL4A5
VGLL3,PGAM4,GALNT5,COL4A5,AJUBA,NT5E,ARSJ,PLCH2,POFUT1,SERPINE2,EVC,CCDC80,PDGFRA
CCBE1,IGDCC4,CPA4,COL5A1,PODN,URGCP-MRPS24,PSG4,RBM14-RBM4,TGFBI,FKBP10,COL5A2,ATG9A,ANTXR1
BDKRB2,RGMB,DCBLD2,P3H3,SLIT2,GBA1,FOXL1,S100A14,CCDC80,DKK3,TXNRD1,FBLN1,COL3A1
SERPINE1,PTK7,MEGF6,RIPOR3,PLPPR4,CST1,SNX22,MDFI,MICAL2,DYNC1H1,ADAMTS12,SEMA5A,FST
CYB5D1,P3H2,PTK7,ANKRD52,OSR2,FAT1,LPAR1,PLXNB3,PIK3R2,EDIL3,FBN2,STAC,SERPINE1
LTBP1,MMP2,HMGA2,EDIL3,DCBLD2,E2F7,COL1A2,H2BC12,PPP1R3C,CCDC80,REEP2,ALX4,TGFBI
NID2,ALDH1L2,SCN8A,FIBIN,COL3A1,DPP4,SRXN1,NPFF,ALDH1B1,BMPER,SLC7A11,ADAMTS12,EMILIN1
LAMA1,LRP11,FBLN1,SERPINE1,CPA4,AK5,TXNDC5,GRIN3B,NPPB,CCN4,MOXD1,SVEP1,PLXNA1
TUBB3,RAB23,WNT5B,WNT5A,PIK3R2,NID2,ACAD11,MRPS24,SLC9A7,PLOD2,OXTR,CCDC9B,EDIL3
PAMR1,ABCC4,CERCAM,MEGF8,ATXN7L2,EIF3C,CPA4,ALDH1A3,IGFBP3,CDH6,FKBP10,CERCAM,MMP1
MXRA5,ITGA3,PIK3R2,ARNT2,FBLN1,RAB23,WNT5B,DDTL,SERPINB7,SCN8A,PLXNA1,BDNF,FKBP1C
UCHL1,AGRN,AJUBA,RAI14,RPL17-C18orf32,H2BC12,PCDH18,FAT2,PTK7,THY1,ARMC9,MMP2,RAI14
ARSJ,PLXNA1,GBA1,NES,RSPO1,BCL2L2-PABPN1,FKBP10,IL36G,PLOD2,P4HA1,COL6A3,EFEMP1,PCDH18
TRHDE,LRRC17,ANKRD52,P3H2,FAT1,RAI14,ARPIN-AP3S2,STBD1,EXTL1,ADAMTSL1,ANTXR1,SERPINE1,SH2D5
IGFBP3,PDGFRA,CRABP2,RSPO1,NID2,RNF103-CHMP3,GPSM1,KRT7,PLXNA1,MXRA5,PRSS12,DKK3,TNFSF18
PLOD1,P3H3,MMP1,SHANK1,GABBR2,C7orf25,JSRP1,CSNK1A1L,PNMA2,MICAL2,CDH6,FAT1,ZC3H7B
PTCHD4,FOXF1,MYPN,CLIP3,MMP2,EDA2R,MMP1,RHOD,DKK3,KIRREL1,EDIL3,TBX5,NLGN2
NRG1,ITGA8,ATXN7L2,KIRREL1,TMEM178B,ATP5MF-PTCD1,LOX,B4GALNT4,NALCN,PDCD1LG2,FZD7,PSAT1,FN1
CALU,NES,MAB21L1,TNFSF4,FKBP10,RPL36A-HNRNPH2,TNFSF4,LIN37,CDH10,PAPPA2,DNAH5,CDH11,GBA1
NAV3,ZC3H7B,KIRREL1,LAMB1,NFASC,PCDHGB7,SMPD4,OTUB2,AFAP1,INSYN2B,MMP2,THBS2,CPA4
RAB23,CLTC,SERPINE1,AJUBA,ANTXR1,NAV3,DNAJC25-GNG10,PRICKLE4,KIRREL1,EXT2,LRRN3,NOMO1,ELFN2
TMEM30A,ARNT2,AGRN,MYLK,COL6A3,PGAM4,AMIGO3,AJUBA,CDH13,PCDHGB5,KIRREL1,CSPG4,EDA2R
CDH2,PIEZO2,SLC16A2,ACTG2,BDNF,LTBP1,P3H2,PDCD6,FSTL1,IGF2BP3,CERCAM,VGLL3,SGCD
NLRP10,PCDHGB4,CCDC9B,FOXF1,LOXL1,PCDHGA6,TLR9,TGFBI,SRXN1,PDGFRA,PDGFRA,RGMB,TRHDE
DDAH1,RSPO1,GRIA1,ANTXR1,UCHL1,RGPD8,ENO3,CLDN1,LOXL1,PTP4A1,TMEM200A,SSC5D,RELN
KISS1,MYLK,CDC42EP2,ANGPTL2,EDA2R,STC1,FRMD6,B3GNT4,CDH4,PXDN,CLIP3,RUSC2,CALU
CCDC9B,LIF,EDA2R,BDKRB2,LOXL3,EXT1,IL11,SERPINE1,PCDHGB4,EFEMP1,CCND1,FSTL1,MFAP4
C7orf25,FST,CDH11,NLGN2,NOMO1,NPIPA5,SLC7A11,ULBP2,NTM,COL1A1,CALU,MAB21L1,GPC1
EDARADD,SVEP1,FSTL1,SERPINB7,SHOX2,MOXD1,CDH6,ARHGEF18,AJUBA,SIM2,TMEM47,CDC42EP2,MARCHF4
FOXL1,TWSG1,EXT2,ADAM23,LYNX1,MARCHF4,RAB23,SPRR1B,NRXN3,NAV3,PVR,MTCL1,FSTL1
COL3A1,THSD4,TBX5,NEO1,ADGRD1,JCAD,FBN1,H4C12,PTPRS,MMP1,ADAM9,MOXD1,PLAU
PVR,RELN,PXDN,COL16A1,VGLL3,SNX22,PPP1R3C,GPC1,FN1,PPP4R4,CDC42EP2,CTIF,GPX8
CLDN1,VAT1L,COLEC12,DCTN1,GALNT5,FST,BDKRB2,FAM83H,FOXL1,PDE1C,SGIP1,PDE1C,JCAD
JCAD,CALU,STMN2,CORO7-PAM16,CDH11,RELN,C1QTNF5,SPOUT1,ST6GALNAC6,FN1,COL5A1,IGFBP3,ANGPTL2
P3H2,PTGES3L-AARSD1,FKBP1C,PDGFRA,ROBO2,PYGO2,PDGFRA,UBE2NL,MTCL1,WNT5A,WNT5A,NDST1,SPEG
PDE1C,MASP1,FGF1,PLAT,LEP,ATG9A,ADAMTS12,CERCAM,MMP14,RUSC2,FN1,PLXNA1,COL15A1
GPX8,ARMC9,ADGRB2,IGF2BP3,HMGA2,AGBL5,COL4A5,GJB3,SPOCD1,CDH13,EDA2R,RAB23,ATG9A
EPHB2,COL16A1,KIRREL3,CERCAM,GBA1,SRXN1,BDKRB1,KRT16,MEST,ITGA2,PXDN,COLEC12,LIF
NALCN,PLAT,NDST1,MASP1,SSC5D,ATG10,ST6GALNAC2,TMEM132A,ADAM19,COL16A1,SCN9A,UCHL1,COL6A1
FMN2,AJUBA,KIAA1549L,PTGES3L-AARSD1,DDAH1,PTCD1,AK5,MFAP2,SCN8A,FSTL1,NT5E,EDA2R,FRMD6
FN1,EMILIN1,SEMA5A,ATG9A,MAB21L1,FKBP1C,ATG10,PPAN-P2RY11,ACTG2,SVEP1,IRAG1,TRHDE,FBN1
CANX,RAI14,LAMC1,MMP2,KIRREL1,MGAT5,CLTC,ATG9A,P3H1,PPP1R3C,TMEM178B,ADGRA2,P3H2
FKBP10,COL3A1,LAMA2,ECM1,CERCAM,SGIP1,COL3A1,RAB43,NLRP10,SRXN1,LRP3,LRRC15,CLIP3
ZNF229,HSD17B2,SH2D5,ARHGAP22,SERPINE1,PCDHGA5,TGFBI,GET4,BMP1,TMEM200A,TBX2,HOXA13,PLAT
COL4A5,CLIP3,PTGES3L-AARSD1,PTK7,CORIN,DNAH5,TVP23C-CDRT4,NDST1,WNT5A,SMURF2,CCDC68,ODAD2,MYLK
FSTL1,PCDHGC3,ANPEP,GPSM1,PTCHD4,WNT16,TMEM30A,PKP3,ARNT2,TENM3,TWSG1,INHBE,SGIP1
LRRN3,SERPINE1,DDAH1,PCDH18,ANGPTL2,SLC7A11,ZBED6,FOLR3,ALDH1L2,CDC42EP2,ABCC4,SPEG,ABCC4
ADAM9,FN1,GPC1,CLTC,SLC38A11,IL12A,PDE1C,PGF,CERCAM,RAI14,IGF2BP3,TRAM2,GPSM1
ACTG2,SEMA5A,FBLN2,LIF,RAB23,FAM166A,SEMA3A,PFKFB4,FLNB,GPX8,TNFRSF10D,PPFIA4,MEST
BCAT1,CTHRC1,CALU,CALU,FMOD,MYPN,ANKUB1,ODAPH,PSAT1,LRP11,EXT1,PAMR1,LRP11
ADAM19,NEO1,BDNF,THSD4,SEPTIN11,ARPIN-AP3S2,CYP51A1,MRM2,IGF2BP3,CALU,PTGES3L-AARSD1,PTGES3L-AARSD1,ALDH1L2
CDH11,TGFBI,LOXL1,SHC1,C1orf198,EPG5,LRRN3,CSF2,TGFB2,SEMA5A,CORO7-PAM16,NID2,LAMB1
FAT4,AK5,PLXNA1,FN1,ARNT2,MASP1,IGF2BP1,ZPLD1,ARHGEF18,CDCP1,ATG9A,CLIP3,ACTG2
MTCL1,WNT5B,DRAM1,GPC1,MEGF6,PCDHGB6,ANKRD30BL,COL22A1,CDC42EP2,CLTC,GPX8,ACAN,FZD7
INHBA,SEMA3A,PDCD1LG2,SEMA5A,CCDC9B,PLAT,ST6GALNAC6,CALML3,CALU,FAT4,GPC4,GALNT5,VAT1L
MYLK,SEPTIN11,PLOD1,SGIP1,COLEC12,NCKAP5,CHTF8,LIPG,CMKLR2,THSD4,BDKRB2,CRABP2,P3H3
FZD7,CREB3L1,FN1,ST6GALNAC6,JAM2,CNNM2,ANKHD1-EIF4EBP3,ELL3,C5orf46,HEG1,ANGPTL2,PLOD1,MXRA8
ALDH1L2,SEC61A1,MYLK,JCAD,HOXA11,LOXL2,SFRP1,DPYSL4,AMIGO2,SLC1A1,PTK7,GPC1,ARNT2
MYPN,ADAM9,MTCL1,TBX2,RXFP1,GYG2,NAV3,KRT76,LRP11,KIAA1549L,SERPINE1,PCDHGB4,COLEC10
SEPTIN11,WNT5A,ODAD2,RGS4,STS,NGRN,FZD7,ENTPD3,FAM220A,DDR2,TEK,SGCD,MMP14
ITGA3,LAMB1,ALDH1L2,CREB3L1,CDH2,ARPC4-TTLL3,UTS2B,OVCA2,PTP4A1,AFAP1,CLTC,WNT5B,TBX2
KIRREL1,UCHL1,PAPPA,AK5,ADAMTSL5,THY1,RAB43,SNAI2,MFAP5,MRGPRX3,WNT5B,NFATC4,PSAT1
PTPRS,NT5E,CSPG4,UCHL1,ST6GALNAC6,MMP3,DSEL,MMP14,CLTCL1,PNMA2,NLGN2,RECK,TBX5
SLC1A1,ANGPTL2,IGFBP3,SPEG,ADGRA2,FAM47E-STBD1,PAPPA,FERMT1,WDR1,LIF,MYLK,NFASC,CDH13
CDH6,IGF2BP3,LOXL3,EMILIN1,IGFBP3,CYB5D1,FAT4,ANGPTL4,INHBE,FBN2,TBX5,BICC1,CDH11
THSD4,GFRA1,ANTXR1,CDH13,FBLN2,GPR176,EIF4A1,IRF6,HMGA2,ULBP1,SERPINE2,GRIA3,TMEM158
CEMIP,NCKAP5,ADAMTS2,REEP2,FSTL1,FBN2,ARHGEF18,TFPI2,QSOX1,EPHB2,AGRN,FN1,SEMA3A
PLAT,GPX8,ATP2B4,SCN9A,CLIP3,ADAMTS12,RAI14,TRIM29,SEMA7A,CLDN11,COL4A5,SERPINE2,SEC61A1
TMEM200A,FRMD6,PODN,CCDC80,MGARP,ISY1-RAB43,MTCL1,SEMA3F,REEP2,NRXN3,CPED1,ADAMTS2,EXT1
SVEP1,E2F7,ATG9A,ITGB1,SH2D5,SH2D5,SEC61A1,PLAU,GPX8,MEST,PCDH18,GPX8,NT5E
NRK,PAPPA,PDE1C,CAPN2,COL4A5,GPR39,FSTL1,MMP10,TEK,CCBE1,SEMA3A,MXRA8,IGF2BP3
LAMC1,CSPG4,SEPTIN11,SLC14A1,PTPRS,CLVS1,CALU,CELSR1,CCDC81,BDKRB1,DDAH1,CYP26B1,LUM
CCND1,ACTG2,ARNT2,TMEM178B,SLC16A2,MXRA5,SLC39A1,SPOCK1,COL7A1,LAMC1,RIPOR3,SCN9A,ARSJ
TNFRSF10D,MAGED1,GPX8,ABCC4,ADAMTS5,FAM209A,LRP3,SEPTIN5,TRAM2,ALDH1L2,ITGBL1,DDAH1,NES
ANTXR1,BDKRB2,TRHDE,IRAG1,TBX5,PCDHGC3,ABCC4,TSPAN1,HEG1,MMP14,AJUBA,AKAP6,THSD4
NALF1,ECM1,CLSTN2,PDCD1LG2,NLGN2,GDF6,PXDN,FJX1,RGMB,P3H3,ASPH,SEPTIN11,ARHGEF17
ASPH,NTM,VGLL3,CCND1,FRMD6,TM9SF1,LTBP1,FKBP10,SPOCK1,AHNAK2,FSTL1,RSPO1,SEMA5A
NEDD4,SGIP1,TNFSF18,EFEMP2,NDST1,SCN9A,KCP,LAMB3,VLDLR,ADAM12,SHANK1,ATP2B4,MOXD1
DNAH5,CAPN2,TRAM2,PLSCR3,WNT5B,RSPH10B,SCN8A,PTGFRN,PDE1C,PTPRS,PLSCR3,CALU,SERPINE2
SEMA6D,CANX,C1orf198,ARHGEF17,FZD7,INA,MATR3,PTGES,SIM2,P4HA2,LIF,MYLK,PCDHGC3
FGF1,ATG9A,MXRA8,MTCL1,KIAA1549L,SERINC4,WFDC1,SLC38A5,POSTN,SEMA3A,ECM1,SLC38A11,CCDC80
COL8A1,TBX2,NFASC,PLOD1,HOXA13,ARMCX6,NT5E,ITGA3,NDST1,SPOCK1,PTPRS,ARHGEF17,PLOD1
BMPER,TNFSF18,PAPSS2,ADAM9,LAYN,PPP1R42,GDF9,S100A3,LAMC1,TXNRD1,C1orf198,ANTXR1,SLC38A2
ANGPT1,TBX5,ARHGEF17,FRMD6,USP53,SCUBE3,RGMB,CCDC8,AGRN,MYO10,SPEG,LAMC1,TXNRD1
QSOX1,CLIP2,SSTR1,DDAH1,GPC1,MAGED4B,NALF1,F2RL1,CHST3,PTGIS,ARNT2,PTPRS,FMN2
CADM1,SGCD,SFRP1,NAV3,MXRA8,MMP2,FMN2,RIPK4,NUAK1,LMO7,MCFD2,CPA4,SEPTIN11
NES,NLGN2,LAYN,CCBE1,LRRN4CL,MAGED4,CFAP298-TCP10L,AHNAK2,DPYSL4,COL8A1,ADAM33,COL8A2,NTM
CDK6,PDCD1LG2,SPEG,SDC3,ATG9A,LYPD1,TXNRD1,PRSS8,LUM,RGMB,SLC1A1,ECM1,PDGFRB
CPED1,STEAP3,F2RL2,PTPRS,FBLN5,TMEM178B,SOX11,LAD1,CLDN11,NT5E,CSPG4,LAMA2,PTPRS
PRSS12,GPC1,NFATC4,SALL1,EPDR1,RGMB,JCAD,PKP1,PDGFRA,COL12A1,CREB3L1,CPXM2,ITGB1
KDELR3,TRO,SERPINB2,NT5E,CCDC80,TEK,PSG5,ATP6V0C,NT5E,SPOCD1,NES,TGFB2,NDST1
SEMA5A,WFDC1,NAV3,STEAP3,TMEM47,FBXL2,CHURC1-FNTB,PPP1R14C,GFRA1,TEK,MAGED1,CREB3L1,SDC3
ITGA2,ARSJ,THSD4,SEPTIN11,DMPK,SEPTIN11,ITGB1,CYP2S1,NPTX1,DKK1,ADGRB2,P3H3,ITGA3
MASP1,ARHGEF28,CLIP3,NID2,INSYN1,ROBO1,PCDHGB4,TUBB2B,GALNT5,FLNB,GYG2,PTGS1,CLDN11
VEPH1,PLOD1,FRAS1,ARHGEF28,TRPC6,FOXF1,CCDC9B,CYP1A1,DKK1,VGLL3,PRNP,SPOCD1,ADGRA2
UACA,FMN2,SPATA18,LOXL1,ODAD2,PCDHGA10,EGLN2,KRT15,FZD7,NTM,EFEMP2,RDH10,EFEMP2
CNN1,DENND2A,CDH13,ARSJ,LAMC1,ARSJ,CEMIP,FSTL3,PPFIA4,REEP2,SEMA5A,PDCD1LG2,ECM1
TENM3,CPED1,IRAG1,EPHB2,IGF2BP1,ANTXR1,DNAH5,TSKU,P4HA2,ITGB1,SLC38A2,FBLN2,TMEM200A
SLC2A10,P4HB,FZD7,TWSG1,PDGFRA,NSG1,ANLN,CYGB,VGLL3,TENM2,P3H3,ROBO1,COL6A2
FOXF1,COL6A1,HOXA13,MXRA8,TMTC1,DDAH1,FN1,SDC1,NREP,DPYSL4,PLEC,SLIT2,CCND1
LAMB1,CCND1,BICC1,NDST1,TWIST2,CALU,EVC,MISP,CSPG4,COL4A1,IGDCC4,NREP,LOXL1
CACNA2D1,NAV3,COL6A1,CSPG4,FN1,ARL17A,P3H3,C19orf33,P3H3,JCAD,GAS6,COL8A1,TNFSF4
GFRA1,TEK,ANLN,GPX8,PDE1C,ENO3,STIMATE-MUSTN1,CA12,CALHM5,TUBB3,COL16A1,HOXA11,PDE1C
STC1,ADAMTS8,ADGRD1,TMEM158,FKBP9,CTHRC1,SH3D21,TINAGL1,SLC7A11,CERCAM,MXRA8,CERKL,CERCAM
CDCP1,EPHB2,CTSK,CPED1,CPXM2,FMC1-LUC7L2,MXRA8,TACSTD2,NID2,SEMA3C,WFS1,AXL,CREB3L1
ITGB1,NSG1,NES,ADGRA2,CALU,FAM220A,COL5A1,IL1B,COL4A1,ANTXR1,BDKRB1,GAS1,PIEZO2
BICC1,TNFRSF19,TMEM119,NTM,TGFBI,KDELR3,TWSG1,DSG2,PVR,LAMA4,ARSJ,NES,LAMC1
SERPINE2,MEST,CLMP,INSC,GPX8,TRO,FST,GJA1,ENC1,ITGB3,LOXL1,COL6A1,F2R
COL4A1,MMP14,USP53,SLC6A15,SGCD,EVC,EMILIN1,CD24,HDLBP,NEDD4,SCRN1,EFEMP2,MASP1
CCDC80,IRAG1,RAI14,PEA15,PLOD1,PTGS1,TNFRSF10D,KRT19,EPHB2,NRG1,RHBDF1,DIO2,PVR
PCDH18,LPAR3,SFRP4,RHBDF1,NLGN4Y,HSD17B2,GPX8,,PTGS1,COL4A2,NIBAN2,PODN,AXL
SRPX2,HDLBP,EFEMP2,DENND2A,F2RL2,SHISAL1,PLAU,,RAI14,TGFB2,EMILIN1,CDH13,IRS1
ITGBL1,IGF2R,EMILIN1,LOX,CREB3L1,NRG1,PCSK7,,ADGRA2,PVR,PLAU,LAYN,HEG1
ABLIM3,NALF1,LAMA4,GFRA1,SEMA3A,TXNRD1,B3GNT4,,COL4A5,PTK7,LOX,EMILIN1,ITGA2
CCND2,LAMC1,FKBP9,SEMA3A,GLRB,PLAU,VGLL3,,LIF,HDLBP,SPOCD1,CRIM1,RHBDF1
VCL,COL15A1,NREP,SCRN1,DRAM1,ADAMTS8,ZNF320,,ADAMTS15,APLP1,NEO1,FBLN5,DCN
SGIP1,DDAH1,DPP4,WFDC1,SSTR1,TXNDC5,NPTX1,,BMPER,ADAM9,GPR37,RAI14,COL8A1
PLCB4,CERCAM,MYOF,STC1,COL6A1,ITGA11,MYLK,,CA12,POSTN,NCKAP5,PDGFRB,VGLL3
THBS2,TMTC1,ECM1,NALF1,SPOCK1,CAPN2,FBXL13,,COL4A2,CHST3,TMEM158,SDC3,CDH2
LUM,SDC3,TWIST2,ATP2B4,HEG1,FOXL1,SRRM5,,NAV3,QSOX1,ABLIM3,CNN1,GAS6
CRIM1,MYOF,CCND1,CADM1,MYLK,ABCC4,ACTG2,,FGF1,PCDH10,HSPB6,PCDH18,IGFBP5
TMEM47,MXRA8,GFRA1,PLCB4,COL8A2,VEPH1,FOXF1,,DDR2,SRPX2,ITGB1,FKBP9,CCN2
FIBIN,JCAD,AXL,TGFB2,EFEMP1,CEACAM19,ATG9A,,INHBA,ENC1,TRIO,AMOTL2,GFRA1
CSPG4,ADAMTS7,PCDH18,NIBAN2,C1S,PVR,SGIP1,,BCAT1,DDAH1,TGFBI,RCAN1,DDAH1
LMO7,ADGRA2,CREB3L1,MMP14,MFAP4,BDKRB1,AGRN,,INHBB,GFRA1,MGAT5,BGN,ASPH
MYOF,BDKRB1,GJA1,CSDC2,HSPB7,CHURC1-FNTB,CPED1,,DDAH1,ABLIM3,DCN,EHD2,ADAM9
AXL,SYNPO2,IGF2,CCDC68,IRAG1,CTSK,COLEC10,,THSD4,BICC1,ARHGEF28,CCN2,VASN
PLAU,CPA4,ADGRA2,GAS6,S1PR3,SCRN1,SLC38A2,,EXT1,LPAR1,PPP1R3C,HSPG2,TMTC1
SPARC,FBN1,FBLN5,NCKAP5,MMP1,FN1,CCND1,,PDE5A,MFAP5,LMO7,TMEM47,ITGB5
IGFBP5,KDELR3,CCDC80,FSTL1,SPEG,CCND1,NRK,,BICC1,TRIO,SLC14A1,COL6A2,COL4A2
ITGB5,MXRA5,DIO2,MMP1,CCND1,PDCD1LG2,KIRREL1,,JCAD,AOX1,ARHGEF17,IGFBP5,LMO7
MAP1B,TMEM158,LMO7,COL6A2,BDKRB2,STIMATE-MUSTN1,SEPTIN11,,CDH6,CA12,WFDC1,AEBP1,SH3BP4
ALCAM,SLC16A6,CRIM1,ADAM33,SFRP1,PEA15,ANGPT1,,GPC1,ITGB5,THSD4,ANPEP,COL4A1
COL4A2,EML1,MMP14,COL6A1,FOXF2,TRIM6-TRIM34,CALHM5,,SEMA5A,ANGPT1,FRMD6,PAPSS2,CLDN1
OSMR,NID2,IGFBP5,CLDN1,QSOX1,AMIGO3,EPHB2,,SYNPO2,BCAT1,COL8A1,MYOF,MYOF
CLIC4,F2R,ASPH,FBN1,BICC1,FLNC,COL4A1,,AXL,CCND1,ADGRA2,GJA1,EHD2
GJA1,COL6A2,COL6A2,AXL,CYBRD1,CLMP,TBX2,,COL12A1,PTGS1,SDC3,SPARC,BCAT1
COL6A2,COL4A2,COL15A1,ABLIM3,DIO2,TMEM35B,QSOX1,,TENM3,SERPINB2,COL6A1,CAVIN1,EFEMP1
PRSS23,SCRN1,PDGFRB,LAMA5,EMILIN1,LOX,ADAM9,,CKAP4,IL1A,TMTC1,CLIC4,TMEM47
CAVIN1,PSAT1,ALDH1A1,PTGS1,COL15A1,SULT1A4,TGFB2,,ITGB5,ITGBL1,PTGS1,ALDH1A1,PLOD2
TPM2,CLMP,EHD2,LAMC1,TBX18,PAPPA,PDCD1LG2,,FBLN2,FST,CCN2,IGFBP4,C1S
CCN2,RHBDF1,LAMB1,FAT4,ITGBL1,GSTM1,PTK7,,COL8A1,VCAN,ITGA8,ADAMTS1,SPARC
THBS1,ARHGEF17,PRRX1,MYOF,ADAMTS12,LAMB1,LAMA1,,ANTXR1,SFRP1,ALCAM,COL4A2,LAMA4
CALD1,ATP9A,SPARC,ASPH,IL17RB,RASGRF2,CNN1,,ITGA5,AXL,FST,THBS1,BGN
,SCN9A,AEBP1,COL3A1,GAS1,PTCHD4,BCAT1,,TPBG,CRIM1,HEG1,TPM2,FLNA
,AXL,HSPG2,FST,ECM1,NDUFC2-KCTD14,MYL6B,,CRIM1,LUM,IGFBP5,CAV1,IGFBP4
,RASGRF2,CAVIN1,CNN1,PRELP,ANGPTL2,SPOCD1,,CNN1,CSPG4,FBN1,CALD1,RND3
,EFEMP2,RND3,TGFBI,MMP3,NIPAL3,COL16A1,,EFEMP2,CPED1,SERINC2,,TPM2
,ITGB5,IGFBP4,TMTC1,THSD4,COL5A2,IRS1,,SLC2A1,INHBA,FGF7,,THBS1
,ITGA2,GAS6,ITGA2,RAI14,SH3D19,DDR2,,SEMA3C,FBLN2,PITX1,,CALD1
,CCDC68,THBS1,CTSK,GJA1,KIRREL1,NES,,ADAM9,TFPI2,LAMB1,,
,SLC14A1,DCN,VCL,LAMA4,PIEZO2,NIBAN2,,FKBP9,CKAP4,CRIM1,,
,PTPRK,TPM2,MFGE8,PDGFRB,PPP1R3C,TRNP1,,PDGFRB,STC1,ITGB5,,
,CLDN1,CAV1,PTPRK,DCN,C1QTNF5,COL8A1,,CLDN1,CCND2,SRPX,,
,CD109,CALD1,PITX1,TNXB,CCBE1,EXT1,,LMO7,MYOF,MMP14,,
,STC1,,PODN,AEBP1,DDR2,DDAH1,,CCN2,UACA,STC1,,
,GAS6,,UACA,DPT,MACF1,ITGA2,,SHROOM3,IGFBP5,TCF21,,
,COL4A1,,EHD2,SDC3,BDKRB2,TMTC1,,EFEMP1,CCN2,COL3A1,,
,ASPH,,IGFBP5,ASPH,ACTG2,COL1A1,,IGFBP5,MYLK,EFEMP1,,
,CKAP4,,HEG1,VASN,DSEL,CTHRC1,,MMP2,CLIC4,PTPRK,,
,FSTL1,,LMOD1,COL6A2,GABBR2,FIBIN,,SLC7A5,MAP1B,CKAP4,,
,CCN2,,SERINC2,PXDN,IRAG1,MMP16,,CLIC4,THBS1,RND3,,
,EFEMP1,,ITGB5,LMO7,SHC4,ARHGEF28,,CCND1,PLS3,COL6A2,,
,PITX1,,SPON2,AMOTL2,FGF14,GPC1,,SPARC,SPARC,MYOF,,
,IGFBP5,,SYNPO2,GAS6,THSD4,CDH2,,FHL2,CAVIN1,WLS,,
,BCAT1,,CKAP4,STC1,MAGED1,ANTXR1,,GJA1,TAGLN,CCDC80,,
,SLC7A2,,CLIC4,RHOBTB3,NALF1,SVEP1,,COL6A2,TIMP3,PALLD,,
,C1S,,HSPB6,CCN2,PXDN,LAMB1,,CAVIN1,,MFGE8,,
,EHD2,,CRIM1,IGFBP5,CPED1,COL4A2,,THBS1,,IGFBP4,,
,DCN,,EFEMP1,PRRX1,FAT4,PITX1,,ACTA2,,LAMC1,,
,RND3,,CCN2,CRIM1,TCF21,ITGB3,,HTRA1,,TPM2,,
,SPARC,,TPM2,EHD2,ASPH,CDH11,,VCAN,,SPARC,,
,GJA1,,SPARC,SPARC,RGPD3,SGCD,,COL6A1,,TIMP2,,
,CLIC4,,TAGLN,ALDH1A1,LAMC1,TMEM47,,GAS6,,TM4SF1,,
,TIMP2,,DCN,IGFBP4,ARHGEF28,TRIM55,,TAGLN,,THBS1,,
,TPM2,,TIMP2,CAVIN1,TMTC1,TUBB2B,,TPM2,,CALD1,,
,THBS1,,FLNA,THBS1,AHNAK2,FGF7,,TIMP3,,,,
,TAGLN,,IGFBP4,RND3,ROBO2,TEK,,CALD1,,,,
,CALD1,,ACTN1,CAV1,EDIL3,ASPH,,,,,,
,,,CAVIN1,CALD1,DZIP1,BICC1,,,,,,
,,,THBS1,,WNT5A,SERPINE1,,,,,,
,,,CALD1,,EYA4,INHBA,,,,,,
,,,,,TNFRSF10D,LMO7,,,,,,
,,,,,TNFRSF19,SLC4A4,,,,,,
,,,,,MYOF,IRAG1,,,,,,
,,,,,ADAM9,MMP14,,,,,,
,,,,,GPX8,GFRA1,,,,,,
,,,,,ATP9A,ADAMTS5,,,,,,
,,,,,ITGA2,AXL,,,,,,
,,,,,WFDC1,ANKRD1,,,,,,
,,,,,FIBIN,VCL,,,,,,
,,,,,NEO1,GAS6,,,,,,
,,,,,LAMA4,ACTA2,,,,,,
,,,,,TMEM47,PLOD2,,,,,,
,,,,,SLC14A1,CRIM1,,,,,,
,,,,,LUM,PLCB4,,,,,,
,,,,,CLDN1,PLAT,,,,,,
,,,,,FRMD6,RND3,,,,,,
,,,,,SPRY4,UACA,,,,,,
,,,,,UACA,COL6A2,,,,,,
,,,,,FILIP1L,SPARC,,,,,,
,,,,,F2R,CCDC80,,,,,,
,,,,,MYLK,DCN,,,,,,
,,,,,SERPINE2,IGFBP5,,,,,,
,,,,,FBN1,TPM2,,,,,,
,,,,,PTPRK,CAVIN1,,,,,,
,,,,,COL6A3,CLIC4,,,,,,
,,,,,RND3,TAGLN,,,,,,
,,,,,COL1A2,THBS1,,,,,,
,,,,,DCN,DST,,,,,,
,,,,,PRSS23,CALD1,,,,,,
,,,,,GJA1,,,,,,,
,,,,,WLS,,,,,,,
,,,,,TPM2,,,,,,,
,,,,,MAP1B,,,,,,,
,,,,,FSTL1,,,,,,,
,,,,,DAB2,,,,,,,
,,,,,SPARC,,,,,,,
